StudyID,SpeciesCom,SpeciesSci,Class,WildLabRear,Sex,MaxLongevity,MaxLongevityRef,MaxLongevitySource,MaxLongevityNotes,ManipLifeStage+,ManipLifeStageGuideline,DeterminedManipLifeStage,ManipLifeStageGuidelineRef
CD518,Acanthina monodon,Acanthina monodon,gastropod,wild,unknown,NA,NA,NA,NA,NA,NA,NA,NA
CD481,house cricket,Acheta domesticus,insect,commercial,mixed,164,"Lyn, J. C., Naikkhwah, W., Aksenov, V., & Rollo, C. D. (2010). Influence of two methods of dietary restriction on life history features and aging of the cricket Acheta domesticus. AGE, 33(4), 509–522. doi:10.1007/s11357-010-9195-z ",non-systematic,"Table 1 , highest recorded longevity",NA,NA,NA,NA
CD614,house cricket,Acheta domesticus,insect,commercial,mixed,164,"Lyn, J. C., Naikkhwah, W., Aksenov, V., & Rollo, C. D. (2010). Influence of two methods of dietary restriction on life history features and aging of the cricket Acheta domesticus. AGE, 33(4), 509–522. doi:10.1007/s11357-010-9195-z ",non-systematic,"Table 1 , highest recorded longevity",NA,NA,NA,NA
CD570,pea aphid,Acyrthosiphon pisum,insect,lab,unknown,36.68,"Morgan, D., Walters, K. F. A., & Aegerter, J. N. (2001). Effect of temperature and cultivar on pea aphid, Acyrthosiphon pisum (Hemiptera: Aphididae) life history. Bulletin of entomological research, 91(1), 47-52.",non-systematic,"Highest adult longevity (19 days, Figure 1); High end of highest time-to-adult time (16.80.+- 88 days, Table 1)",NA,NA,NA,NA
CD116,yellow fever mosquito,Aedes aegypti,insect,lab,unknown,142,"Brady, O. J., Johansson, M. A., Guerra, C. A., Bhatt, S., Golding, N., Pigott, D. M., ... & Styer, L. M. (2013). Modelling adult Aedes aegypti and Aedes albopictus survival at different temperatures in laboratory and field settings. Parasites & vectors, 6(1), 351.; Tun?Lin, W., Burkot, T. R., & Kay, B. H. (2000). Effects of temperature and larval diet on development rates and survival of the dengue vector Aedes aegypti in north Queensland, Australia. Medical and veterinary entomology, 14(1), 31-37.",non-systematic,"(Brady 2013) ""For Ae. aegypti the predicted median longevity was only 38 days even at optimal temperatures despite some individuals living over 100 days."" adult maximum longevity taken as 100 days; (Tun-Lin 2000) longest time to adult estimate 39.7+-2.3 days.",NA,NA,NA,NA
CD414,yellow fever mosquito,Aedes aegypti,insect,lab,unknown,142,"Brady, O. J., Johansson, M. A., Guerra, C. A., Bhatt, S., Golding, N., Pigott, D. M., ... & Styer, L. M. (2013). Modelling adult Aedes aegypti and Aedes albopictus survival at different temperatures in laboratory and field settings. Parasites & vectors, 6(1), 351.; Tun?Lin, W., Burkot, T. R., & Kay, B. H. (2000). Effects of temperature and larval diet on development rates and survival of the dengue vector Aedes aegypti in north Queensland, Australia. Medical and veterinary entomology, 14(1), 31-37.",non-systematic,"(Brady 2013) ""For Ae. aegypti the predicted median longevity was only 38 days even at optimal temperatures despite some individuals living over 100 days."" adult maximum longevity taken as 100 days; (Tun-Lin 2000) longest time to adult estimate 39.7+-2.3 days.",NA,NA,NA,NA
CD590,yellow fever mosquito,Aedes aegypti,insect,lab,unknown,142,"Brady, O. J., Johansson, M. A., Guerra, C. A., Bhatt, S., Golding, N., Pigott, D. M., ... & Styer, L. M. (2013). Modelling adult Aedes aegypti and Aedes albopictus survival at different temperatures in laboratory and field settings. Parasites & vectors, 6(1), 351.; Tun?Lin, W., Burkot, T. R., & Kay, B. H. (2000). Effects of temperature and larval diet on development rates and survival of the dengue vector Aedes aegypti in north Queensland, Australia. Medical and veterinary entomology, 14(1), 31-37.",non-systematic,"(Brady 2013) ""For Ae. aegypti the predicted median longevity was only 38 days even at optimal temperatures despite some individuals living over 100 days."" adult maximum longevity taken as 100 days; (Tun-Lin 2000) longest time to adult estimate 39.7+-2.3 days.",NA,NA,NA,NA
CD594,eastern tree hole mosquito,Aedes triseriatus (synonym Ochlerotatus triseriatus),insect,lab,mixed,40,https://animaldiversity.org/accounts/Aedes_triseriatus/,systematic,estimated as maximum of range given 11 to 40 days; non-sex-specific,NA,NA,NA,NA
CD594,eastern tree hole mosquito,Aedes triseriatus (synonym Ochlerotatus triseriatus),insect,lab,female,40,https://animaldiversity.org/accounts/Aedes_triseriatus/,systematic,estimated as maximum of range given 11 to 40 days; non-sex-specific,NA,NA,NA,NA
CD594,eastern tree hole mosquito,Aedes triseriatus (synonym Ochlerotatus triseriatus),insect,lab,male,40,https://animaldiversity.org/accounts/Aedes_triseriatus/,systematic,estimated as maximum of range given 11 to 40 days; non-sex-specific,NA,NA,NA,NA
CD030,southern hawker dragonfly,Aeshna cyanea,insect,wild,unknown,1460,"Goretti, E., Ceccagnoli, D., La Porta, G., & Di Giovanni, M. V. (2001). Larval development of Aeshna cyanea (Müller, 1764)(Odonata: Aeshnidae) in Central Italy. Hydrobiologia, 457(1-3), 149-154.",non-systematic,"""The duration of the developmental stages of larvae is primarily related to local climatic conditions, altitude and latitude. It ranges from 1 year in Switzerland, when there were particularly hot summers, to 4 years in Sweden, in both lotic or lentic waters (FerrerasRomero & Puchol-Caballero, 1995).""",NA,NA,NA,NA
CD238,southern hawker dragonfly,Aeshna cyanea,insect,lab,unknown,1460,"Goretti, E., Ceccagnoli, D., La Porta, G., & Di Giovanni, M. V. (2001). Larval development of Aeshna cyanea (Müller, 1764)(Odonata: Aeshnidae) in Central Italy. Hydrobiologia, 457(1-3), 149-154.",non-systematic,"""The duration of the developmental stages of larvae is primarily related to local climatic conditions, altitude and latitude. It ranges from 1 year in Switzerland, when there were particularly hot summers, to 4 years in Sweden, in both lotic or lentic waters (FerrerasRomero & Puchol-Caballero, 1995).""",NA,NA,NA,NA
CD014,desert grass spider,Agelenopsis aperta,arachnid,wild,female,NA,NA,NA,NA,NA,NA,NA,NA
CD381,small-mouthed salamander,Ambystoma texanum,amphibian,lab (wild caught eggs),unknown,5037,AnAge (https://genomics.senescence.info/species/);,systematic,NA,NA,NA,NA,NA
CD030,emperor dragonfly,Anax imperator,insect,wild,unknown,730,"Cayrou, J., & Céréghino, R. (2005). Life-cycle phenology of some aquatic insects: implications for pond conservation. Aquatic Conservation: Marine and Freshwater Ecosystems, 15(6), 559–571. doi:10.1002/aqc.739 ",non-systematic,"""However, in colder regions (e.g. Germany, United Kingdom), A. imperator shows larval cycles extending either over 1 or 2 yr (Corbet, 1955; Sternberg and Buchwald, 2000), even at a given locality (which remains likely in our study area).""",NA,NA,NA,NA
CD014,communal spider,Anelosimus studiosus,arachnid,wild,female,570,"Pruitt, J. N. (2012). Behavioural traits of colony founders affect the life history of their colonies. Ecology Letters, 15(9), 1026–1032. doi:10.1111/j.1461-0248.2012.01825.x ",non-systematic,"""Anelosimus studiosus reproduces once per year from June to July and adults die in the fall of the same year."" longevity taken as June - end of Autumn the following year (approx Dec 21).",NA,NA,NA,NA
CD326,brown anole,Anolis sagrei,reptile,wild,male,1825,https://animaldiversity.org/accounts/Norops_sagrei/,systematic,taken from the brown anole (Norops_sagrei),NA,NA,NA,NA
CD517,sablefish,Anoplopoma fimbria,ray-finned fish,wild,unknown,41610,AnAge (https://genomics.senescence.info/species/),systematic,NA,NA,NA,NA,NA
CD419,Asplanchna sieboldi,Asplanchna sieboldi,monogonont,lab,female,6.708333333,"Rogerson, A., Berger, J., & Grosso, C. M. (1982). Acute toxicity of ten crude oils on the survival of the rotifer Asplanchna sieboldi and sublethal effects on rates of prey consumption and neonate production. Environmental Pollution Series A, Ecological and Biological, 29(3), 179–187. doi:10.1016/0143-1471(82)90162-3 ",non-systematic,"Table 2, high range of longevity in Oil-labelled ciliates group",NA,NA,NA,NA
CD385,starry goby,Asterropteryx semipunctata,ray-finned fish,wild,mixed,4015,"Delbeek, J. C., & Randall, J. E. (2010). Aquarium fish longevity. Reefs Magazine Online Fall 2010, 2422-2428.",non-systematic,"""Asterropteryx semipunctata in the Hawaiian Islands can reach 11 years old in captivity.""",X ± SE: 16 males = 35.35 ± 1.26 mm; 29 females = 30.74 ± 1.04 mm,mature at 22mm SL,adult,"Privitera, L. A. (2002). Reproductive biology of the coral-reef goby, Asterropteryx semipunctata, in Kaneohe Bay, Hawaii. Environmental biology of fishes, 65(3), 289-310."
CD324,Brachionus calyciflorus,Brachionus calyciflorus,monogonont,lab,female,8.5,"Dorazio, R. M. (1984). The contribution of longevity to population death rates. Hydrobiologia, 108(3), 239–243. doi:10.1007/bf00006332 ",non-systematic,Table 2 high estimate,NA,NA,NA,NA
CD141,collared buccinum,Buccinanops globulosum,gastropod,wild,mixed,2920,"Avaca, M. S., Martín, P., & Narvarte, M. (2015). Variability in size and age at maturity in the marine scavenger Buccinanops globulosus (Gastropoda: Nassariidae) from Patagonia. Journal of the Marine Biological Association of the United Kingdom, 95(6), 1193-1201.",non-systematic,Maximum age of individual collected in study area and nearby populations is 8 years,"At this site, snail size frequency distribution in the intertidal is unimodal, with shell lengths ranging from 5 to 25 mm and total weight ranging from 0.6 to 4.7 g (Narvarte et al. 2008).","""The percentage of mature females as a function of size (TL) and age (A) for each population shows good fit to the logistic curve (Figure 3)… Bah?´a San Antonio females… TL50… 19.4 + 2.75 mm""",unknown/mixed,"Avaca, M. S., Martín, P., & Narvarte, M. (2015). Variability in size and age at maturity in the marine scavenger Buccinanops globulosus (Gastropoda: Nassariidae) from Patagonia. Journal of the Marine Biological Association of the United Kingdom, 95(6), 1193-1201."
CD363,blue crab,Callinectes sapidus,malacostracan,wild,male,1460,https://animaldiversity.org/accounts/Callinectes_sapidus/,systematic,taken as upper max of lifespan range (1 to 4 years); non-sex-specific estimate; wild-specific estimate,NA,NA,NA,NA
CD400,blue crab,Callinectes sapidus,malacostracan,wild,unknown,1460,https://animaldiversity.org/accounts/Callinectes_sapidus/,systematic,taken as upper max of lifespan range (1 to 4 years); non-sex-specific estimate; wild-specific estimate,NA,NA,NA,NA
CD180,white-fronted capuchin; tufted capuchin,Cebus albifrons; Cebus apella,mammal,lab,mixed,15768,AnAge (https://genomics.senescence.info/species/),systematic,taken as mean of 16790 for C. Apella and 14746 for C. albifrons,NA,NA,NA,NA
CD575,common bed bug,Cimex lectularius,insect,lab,male,647.36,"Johnson, C. G. (1941). The ecology of the bed-bug, Cimex lectularius L., in Britain: report on research, 1935–1940. Epidemiology & Infection, 41(4), 345-461.",non-systematic,"Table 41, highest male recorded length of life 518-31 days (male), 550-3 female, measured from 4 days after moulting; Table 3, highest development to adult time 118.86 days; sex specific estimate ",NA,NA,NA,NA
CD580,common bed bug,Cimex lectularius,insect,lab,male,647.36,"Johnson, C. G. (1941). The ecology of the bed-bug, Cimex lectularius L., in Britain: report on research, 1935–1940. Epidemiology & Infection, 41(4), 345-461.",non-systematic,"Table 41, highest male recorded length of life 518-31 days (male), 550-3 female, measured from 4 days after moulting; Table 3, highest development to adult time 118.86 days; sex specific estimate ",NA,NA,NA,NA
CD580,common bed bug,Cimex lectularius,insect,lab,female,674.36,"Johnson, C. G. (1941). The ecology of the bed-bug, Cimex lectularius L., in Britain: report on research, 1935–1940. Epidemiology & Infection, 41(4), 345-461.",non-systematic,"Table 41, highest male recorded length of life 518-31 days (male), 550-3 female, measured from 4 days after moulting; Table 3, highest development to adult time 118.86 days; sex specific estimate ",NA,NA,NA,NA
CD068,seven-spot ladybird,Coccinella septempunctata,insect,lab,unknown,730,https://animaldiversity.org/accounts/Coccinella_septempunctata/,systematic,taken as upper max of lifespan range (1 to 2 years); non-sex-specific estimate; wild-specific estimate,second instar,not reproductively active by second instar,juvenile,https://www.cabi.org/isc/datasheet/11733
CD480,seven-spot ladybird,Coccinella septempunctata,insect,lab,male,730,https://animaldiversity.org/accounts/Coccinella_septempunctata/,systematic,taken as upper max of lifespan range (1 to 2 years); non-sex-specific estimate; wild-specific estimate,NA,NA,NA,NA
CD480,seven-spot ladybird,Coccinella septempunctata,insect,lab,female,730,https://animaldiversity.org/accounts/Coccinella_septempunctata/,systematic,taken as upper max of lifespan range (1 to 2 years); non-sex-specific estimate; wild-specific estimate,NA,NA,NA,NA
CD480,seven-spot ladybird,Coccinella septempunctata,insect,lab,mixed,730,https://animaldiversity.org/accounts/Coccinella_septempunctata/,systematic,taken as upper max of lifespan range (1 to 2 years); non-sex-specific estimate; wild-specific estimate,NA,NA,NA,NA
CD387,trinket snake,Coelognathus helena (synonym Elaphe helena),reptile,lab,unknown,3577,AnAge (https://genomics.senescence.info/species/),systematic,NA,NA,NA,NA,NA
CD093,spearhead bluet,Coenagrion hastulatum,insect,lab,unknown,1460,"Norling, U. (1984). The life cycle and larval photoperiodic responses of Coenagrion hastulatum (Charpentier) in two climatically different areas (Zygoptera: Coenagrionidae). Odonatologica, 13(3), 429-449.",non-systematic,"""the life-cycle duration was 3-4 yr, and almost all larvae overwintered in the final instar before emergence.""",NA,NA,NA,NA
CD391,azure damselfly,Coenagrion puella,insect,lab (wild caught eggs),male,435,"Banks, M. J., & Thompson, D. J. (1985). Emergence, longevity and breeding area fidelity in Coenagrion puella (L.)(Zygoptera: Coenagrionidae). Odonatologica, 14(4), 279-286.; Lowe, C. D., Harvey, I. F., Watts, P. C., & Thompson, D. J. (2009). Reproductive timing and patterns of development for the damselfly Coenagrion puella in the field. Ecology, 90(8), 2202-2212.",non-systematic,"Max total (adult) lifespan (Table 1), 39 day Male, 46 days Female (Banks 1985); ""Development time ranged between 347 and 396 days and was negatively correlated with egg?laying date.""",NA,NA,NA,NA
CD391,azure damselfly,Coenagrion puella,insect,lab (wild caught eggs),female,442,"Banks, M. J., & Thompson, D. J. (1985). Emergence, longevity and breeding area fidelity in Coenagrion puella (L.)(Zygoptera: Coenagrionidae). Odonatologica, 14(4), 279-286.; Lowe, C. D., Harvey, I. F., Watts, P. C., & Thompson, D. J. (2009). Reproductive timing and patterns of development for the damselfly Coenagrion puella in the field. Ecology, 90(8), 2202-2212.",non-systematic,"Max total (adult) lifespan (Table 1), 39 day Male, 46 days Female (Banks 1985); ""Development time ranged between 347 and 396 days and was negatively correlated with egg?laying date."" ",NA,NA,NA,NA
CD454,North Sea houting,Coregonus oxyrinchus,ray-finned fish,lab,unknown,4380,"Jepsen, N., Deacon, M., & Koed, A. (2012). Decline of the North Sea houting: protective measures for an endangered anadromous fish. Endangered Species Research, 16(1), 77-84.",non-systematic,taken as high end of 10 - 12 year lifespan estimate,NA,NA,NA,NA
CD001,reticulate sculpins,Cottus perplexus,ray-finned fish,wild,unknown,2555,"Washington State Department of Natural Resources (Dec 2005), 'Forest Practices Habitat Conservation Plan: 3. Biological Data On and Factors
Affecting Covered Species' https://www.dnr.wa.gov/programs-and-services/forest-practices/forest-practices-habitat-conservation-plan (accessed 08/10/2019)",non-systematic,"""with the oldest recorded fish at seven years and about four inches""",Fish across the study are approximately 5 - 5.1 cm long on average,"Max length : 10.0 cm TL male/unsexed; (Ref. 5723); common length : 8.0 cm TL male/unsexed; (Ref. 12193) (Fishbase); They reach sexual maturity early in life but fail to reach large sizes. On average a 4 year old fish might only measure 64 mm SL (UC Davis); Some may be sexually mature, but not up to average adult size",unknown/mixed,https://www.fishbase.se/summary/Cottus-perplexus.html; http://calfish.ucdavis.edu/species/?uid=125&ds=698
CD313,zebrafish,Danio rerio,ray-finned fish,lab,male,2007.5,AnAge (https://genomics.senescence.info/species/); Fishbase (https://www.fishbase.se/); https://animaldiversity.org/accounts/Danio_rerio/,systematic,non-sex specific estimate; captive-specific estimate,NA,NA,NA,NA
CD642,zebrafish,Danio rerio,ray-finned fish,commercial,unknown,2007.5,AnAge (https://genomics.senescence.info/species/); Fishbase (https://www.fishbase.se/); https://animaldiversity.org/accounts/Danio_rerio/,systematic,non-sex specific estimate; captive-specific estimate,NA,NA,NA,NA
CD477,large whirligig beetle,Dineutes discolor,insect,wild,female,NA,NA,NA,NA,NA,NA,NA,NA
CD477,large whirligig beetle,Dineutes discolor,insect,wild,male,NA,NA,NA,NA,NA,NA,NA,NA
CD123,Diplonychus indicus,Diplonychus indicus,insect,mixed,male,NA,"Venkatesan, P., & Muthukrishnan, S. (1987). Impact of predation and food utilization on reproduction ofDiplonychus indicus andRanatra filiformis. Proceedings: Animal Sciences, 96(3), 293–304. doi:10.1007/bf03180012 ",NA,"highest nymphal development estimate (Table 1, 90·09 days)",NA,NA,NA,NA
CD632,common fruit fly,Drosophila melanogaster,insect,lab,female,109.5,AnAge (https://genomics.senescence.info/species/); https://animaldiversity.org/accounts/Drosophila_melanogaster/,systematic,non-sex specific estimate; captive-specific estimate,NA,NA,NA,NA
CD632,common fruit fly,Drosophila melanogaster,insect,lab,male,109.5,AnAge (https://genomics.senescence.info/species/); https://animaldiversity.org/accounts/Drosophila_melanogaster/,systematic,non-sex specific estimate; captive-specific estimate,NA,NA,NA,NA
CD030,great diving beetle,Dytiscus marginalis,insect,wild,unknown,NA,NA,NA,NA,NA,NA,NA,NA
CD236,Ectatomma ruidum,Ectatomma ruidum,insect,wild,female,NA,NA,NA,NA,worker ants,workers ants considered be a caste of adult despite being non-reproductive,adult,"Holbrook, T. (2009, December 17). Individual Life Cycle of Ants. ASU - Ask A Biologist. Retrieved October 8, 2019 from https://askabiologist.asu.edu/individual-life-cycle"
CD389,Elysia clarki,Elysia clarki,gastropod,wild,unknown,730,"Rudman, W.B., 2006 (May 30) Elysia clarki Pierce, Curtis, Massey, Bass, Karl & Finney, 2006. [In] Sea Slug Forum. Australian Museum, Sydney. Available from http://www.seaslugforum.net/factsheet/elysclar",non-systematic,"Molecular and microscopic evidence indicates that adult E. clarki feeds on and sequesters chloroplasts from Penicillus capitatus, P. lamourouxii, Halimeda incrassata and H. monile in the field and will survive for as long as two years in the laboratory on Bryopsis plumosa (Curtis et al. in press).",Specimens of E. clarki approximately 2cm in length were collected by snorkel,"maximum size only 3-3.5cm, juveniles reported as 0.5 and 1 cm.",adult,"Curtis, N. E., S. K. Pierce, S. E. Massey, J. A. Schwartz, and T. K. Maugel. 2007. Newly metamorphosed Elysia clarki juveniles feed on and sequester chloroplasts from algal species different from those utilized by adult slugs. Marine Biology 150:797-806.;"
CD083,Erigone arctica,Erigone arctica,arachnid,lab,female,NA,NA,NA,NA,NA,NA,NA,NA
CD083,Erigone arctica,Erigone arctica,arachnid,lab,male,NA,NA,NA,NA,NA,NA,NA,NA
CD083,Erigone dentipalpis,Erigone dentipalpis,arachnid,lab,male,56.82858113,"Mestre, L., & Bonte, D. (2012). Food stress during juvenile and maternal development shapes natal and breeding dispersal in a spider. Behavioral Ecology, 23(4), 759-764.",non-systematic,"high end data taken from Figure 1A,1B; sex specific estimates (male adult longevity 27.1666666666667, female adult longevity 38.3333333333333, juvenile maturation time 29.6619144602851)",NA,NA,NA,NA
CD083,Erigone dentipalpis,Erigone dentipalpis,arachnid,lab,female,67.99524779,"Mestre, L., & Bonte, D. (2012). Food stress during juvenile and maternal development shapes natal and breeding dispersal in a spider. Behavioral Ecology, 23(4), 759-764.",non-systematic,"high end data taken from Figure 1A,1B; sex specific estimates (male adult longevity 27.1666666666667, female adult longevity 38.3333333333333, juvenile maturation time 29.6619144602851)",NA,NA,NA,NA
CD646,Erigone dentipalpis,Erigone dentipalpis,arachnid,lab,male,56.82858113,"Mestre, L., & Bonte, D. (2012). Food stress during juvenile and maternal development shapes natal and breeding dispersal in a spider. Behavioral Ecology, 23(4), 759-764.",non-systematic,"high end data taken from Figure 1A,1B; sex specific estimates (male adult longevity 27.1666666666667, female adult longevity 38.3333333333333, juvenile maturation time 29.6619144602851)",NA,NA,NA,NA
CD646,Erigone dentipalpis,Erigone dentipalpis,arachnid,lab,mixed,62.41191446,"Mestre, L., & Bonte, D. (2012). Food stress during juvenile and maternal development shapes natal and breeding dispersal in a spider. Behavioral Ecology, 23(4), 759-764.",non-systematic,"high end data taken from Figure 1A,1B; average of sex specific estimates (male adult longevity 27.1666666666667, female adult longevity 38.3333333333333, juvenile maturation time 29.6619144602851)",NA,NA,NA,NA
CD646,Erigone dentipalpis,Erigone dentipalpis,arachnid,lab,female,67.99524779,"Mestre, L., & Bonte, D. (2012). Food stress during juvenile and maternal development shapes natal and breeding dispersal in a spider. Behavioral Ecology, 23(4), 759-764.",non-systematic,"high end data taken from Figure 1A,1B; sex specific estimates (male adult longevity 27.1666666666667, female adult longevity 38.3333333333333, juvenile maturation time 29.6619144602851)",NA,NA,NA,NA
CD583,graybelly salamander,Eurycea multiplicata,amphibian,wild,unknown,NA,https://amphibiaweb.org/cgi/amphib_query?where-genus=Eurycea&where-species=multiplicata,NA,"""Larvae grow quickly, range in size from 23–85 mm TL, and metamorphose between 33–48 mm SVL, 5–8 mo after hatching. No Adult longevity estimate found""",NA,NA,NA,NA
CD466,collared flycatcher,Ficedula albicollis,bird,wild,female,3780.791667,AnAge (https://genomics.senescence.info/species/); https://animaldiversity.org/accounts/Ficedula_hypoleuca/,systematic,mean of AnAge and ADW estimates; both non-sex specific estimates; ADW is wild-specific estimate,NA,NA,NA,NA
CD466,collared flycatcher,Ficedula albicollis,bird,wild,male,3780.791667,AnAge (https://genomics.senescence.info/species/); https://animaldiversity.org/accounts/Ficedula_hypoleuca/,systematic,mean of AnAge and ADW estimates; both non-sex specific estimates; ADW is wild-specific estimate,NA,NA,NA,NA
CD171,banded killifish,Fundulus diaphanus,ray-finned fish,wild,unknown,1095,"Phillips, E. C., Ewert, Y., & Speares, P. A. (2007). Fecundity, age and growth, and diet of Fundulus diaphanus (banded killifish) in Presque Isle Bay, Lake Erie. Northeastern Naturalist, 14(2), 269-279.",non-systematic," ""Of the 132 fish that were aged, 47 (35.6%) were age 0+, 63 (47.7%) were age 1+, and 22 (16.7%) were age 2+. No age-3+ fish were present during the fall, indicating that no age-3 fish survived spawning""",three different size classes (small: 35.0 ± 0.4 mm total length (mean ± SE); medium: 65.8 ± 0.5 mm; large: 89.6 ± 0.5 mm),"""common [adult] length : 6.3 cm TL male/unsexed; (Ref. 12193)"" (FishBase); ""Females became sexually mature at 1 year… Total fecundity increased with both size and age, and the mean total number of eggs produced was 527 ± 37 at age 1 (67mm ± 1.8)"" (Phillips 2007); as size classes span both juveniles (small); and likely adults (medium and large), and only data available is for all groups combined, classed as 'mixed' ",unknown/mixed,"https://www.fishbase.in/summary/3190; Phillips, E. C., Ewert, Y., & Speares, P. A. (2007). Fecundity, age and growth, and diet of Fundulus diaphanus (banded killifish) in Presque Isle Bay, Lake Erie. Northeastern Naturalist, 14(2), 269-279."
CD257,banded killifish,Fundulus diaphanus,ray-finned fish,wild,unknown,1095,"Phillips, E. C., Ewert, Y., & Speares, P. A. (2007). Fecundity, age and growth, and diet of Fundulus diaphanus (banded killifish) in Presque Isle Bay, Lake Erie. Northeastern Naturalist, 14(2), 269-279.",non-systematic," ""Of the 132 fish that were aged, 47 (35.6%) were age 0+, 63 (47.7%) were age 1+, and 22 (16.7%) were age 2+. No age-3+ fish were present during the fall, indicating that no age-3 fish survived spawning""",NA,NA,NA,NA
CD609,Atlantic cod,Gadus morhua,ray-finned fish,commercial,female,8212.5,AnAge (https://genomics.senescence.info/species/); https://animaldiversity.org/accounts/Gadus_morhua/,systematic,taken as mean of ADW and AnAge Estimates; ADW estimate is the upper limit of 0 20 yr range; wild-specific estimates,?1.5 years of age,Range age at sexual or reproductive maturity (female) 1.7 to 5.4 years; pre-sexual maturity,juvenile,https://animaldiversity.org/accounts/Gadus_morhua/
CD609,Atlantic cod,Gadus morhua,ray-finned fish,commercial,male,8212.5,AnAge (https://genomics.senescence.info/species/); https://animaldiversity.org/accounts/Gadus_morhua/,systematic,taken as mean of ADW and AnAge Estimates; ADW estimate is the upper limit of 0 20 yr range; wild-specific estimates,?1.5 years of age,Range age at sexual or reproductive maturity (female) 1.7 to 5.4 years; pre-sexual maturity,juvenile,https://animaldiversity.org/accounts/Gadus_morhua/
CD555,Galeruca tanaceti,Galeruca tanaceti,insect,lab,female,275,"Siew, Y. C. (1965). The endocrine control of adult reproductive diapause in the chrysomelid beetle, Galeruca tanaceti (L.)—I. Journal of Insect Physiology, 11(1), 1–10. doi:10.1016/0022-1910(65)90125-3 ",non-systematic,"""The larvae hatch in April-May of the following spring."" ""The adults die in December."" max longevity taken from April 1 - December 31",NA,NA,NA,NA
CD555,Galeruca tanaceti,Galeruca tanaceti,insect,lab,male,275,"Siew, Y. C. (1965). The endocrine control of adult reproductive diapause in the chrysomelid beetle, Galeruca tanaceti (L.)—I. Journal of Insect Physiology, 11(1), 1–10. doi:10.1016/0022-1910(65)90125-3 ",non-systematic,"""The larvae hatch in April-May of the following spring."" ""The adults die in December."" max longevity taken from April 1 - December 31",NA,NA,NA,NA
CD351,red junglefowl,Gallus gallus,bird,lab,mixed,10950,AnAge (https://genomics.senescence.info/species/); https://animaldiversity.org/accounts/Gallus_gallus/,systematic,captive-specific estimate,"the birds were between 18 and 24 weeks old, 20 weeks open field and novel object","""At five months old, the chicks reach sexual maturity."", likely to include non-reproductively active and reproductively active individuals",unknown/mixed,https://animaldiversity.org/accounts/Gallus_gallus/
CD329,Gammarus pulex,Gammarus pulex,malacostracan,wild,male,912.5,"Welton, J. S., & Clarke, R. T. (1980). Laboratory studies on the reproduction and growth of the amphipod, Gammarus pulex (L.). The Journal of Animal Ecology, 581-592.",non-systematic,"""Laboratory data were extrapolated to the field situation to predict the longevity of  the species. This was 17-23 months for females, which produced 6 broods throughout the summer and up to 2X5 years for males""","collected by sex, so sexually dimorphic at manipulation","males and females show sexual dimorphism associated with pre-copulatory behaviour, so the individuals used here are assumed to be sexually mature as they can be distinguished on these traits. ",adult,"Adams, J., & Greenwood, P. J. (1983). Why are males bigger than females in pre-copula pairs of Gammarus pulex?. Behavioral Ecology and Sociobiology, 13(4), 239-241."
CD045,three-spined stickleback,Gasterosteus aculeatus,ray-finned fish,wild,unknown,2920,Fishbase (https://www.fishbase.se/); https://animaldiversity.org/accounts/Gasterosteus_aculeatus/,systematic,lab-specific longevity estimate,test fish=42·4 ± 2·4 mm (standard length),"adult average length 5cm (ADW), reproductively mature estimates 3.6cm - 5.5cm (Fishbase); likely to be sexually mature",adult,https://animaldiversity.org/accounts/Gasterosteus_aculeatus/; https://www.fishbase.de/Reproduction/MaturityList.php?ID=2420
CD108,three-spined stickleback,Gasterosteus aculeatus,ray-finned fish,wild,male,2920,Fishbase (https://www.fishbase.se/); https://animaldiversity.org/accounts/Gasterosteus_aculeatus/,systematic,lab-specific longevity estimate,NA,NA,NA,NA
CD244,three-spined stickleback,Gasterosteus aculeatus,ray-finned fish,lab,unknown,2920,Fishbase (https://www.fishbase.se/); https://animaldiversity.org/accounts/Gasterosteus_aculeatus/,systematic,lab-specific longevity estimate,7 months old,sexually mature from 1 - 2 years,juvenile,https://animaldiversity.org/accounts/Gasterosteus_aculeatus/
CD281,three-spined stickleback,Gasterosteus aculeatus,ray-finned fish,wild,unknown,2920,Fishbase (https://www.fishbase.se/); https://animaldiversity.org/accounts/Gasterosteus_aculeatus/,systematic,lab-specific longevity estimate,NA,NA,NA,NA
CD578,three-spined stickleback,Gasterosteus aculeatus,ray-finned fish,wild,unknown,2920,Fishbase (https://www.fishbase.se/); https://animaldiversity.org/accounts/Gasterosteus_aculeatus/,systematic,lab-specific longevity estimate,"After 3 weeks, 12 experimental groups, each of 12 size-matched (mean standard length +- SD = 32.2 +- 0.35 mm)","adult average length 5cm (ADW), reproductively mature estimates 3.6cm - 5.5cm (Fishbase); may contain sexually mature and immature individuals",unknown/mixed,https://animaldiversity.org/accounts/Gasterosteus_aculeatus/; https://www.fishbase.de/Reproduction/MaturityList.php?ID=2420
CD579,three-spined stickleback,Gasterosteus aculeatus,ray-finned fish,wild,unknown,2920,Fishbase (https://www.fishbase.se/); https://animaldiversity.org/accounts/Gasterosteus_aculeatus/,systematic,lab-specific longevity estimate,35- to 40-mm standard length,"adult average length 5cm (ADW), reproductively mature estimates 3.6cm - 5.5cm (Fishbase); may contain sexually mature and immature individuals",unknown/mixed,https://animaldiversity.org/accounts/Gasterosteus_aculeatus/; https://www.fishbase.de/Reproduction/MaturityList.php?ID=2420
CD396,Madagascar hissing cockroach,Gromphadorhina portentosa,insect,lab,male,1825,https://animaldiversity.org/accounts/Gromphadorhina_portentosa/,systematic,captivity-specific estimate; taken as 'high' estimate of lifespan,NA,NA,NA,NA
CD248,southern field cricket,Gryllus bimaculatus,insect,lab,male,121,"Bateman, P. W., Ferguson, J. W. H., & Yetman, C. A. (2006). Courtship and copulation, but not ejaculates, reduce the longevity of female field crickets (Gryllus bimaculatus). Journal of Zoology, 268(4), 341–346. doi:10.1111/j.1469-7998.2006.00054.x ; Simmons, L. W. (1988). Male size, mating potential and lifetime reproductive success in the field cricket, Gryllus bimaculatus (De Geer). Animal Behaviour, 36(2), 372–379. doi:10.1016/s0003-3472(88)80008-3; Rantala, M. J., & Roff, D. A. (2005). An analysis of trade?offs in immune function, body size and development time in the Mediterranean Field Cricket, Gryllus bimaculatus. Functional Ecology, 19(2), 323-330.",non-systematic,"longest surviving adult female is 11 weeks from eclosion (Figure 1, Bateman); oldest recorded male 39 days from eclosion (Figure 2, Simmons); highest development time is 82 days for males, 81 for females (Figure 1, Rantala)",NA,NA,NA,NA
CD248,southern field cricket,Gryllus bimaculatus,insect,lab,female,158,"Bateman, P. W., Ferguson, J. W. H., & Yetman, C. A. (2006). Courtship and copulation, but not ejaculates, reduce the longevity of female field crickets (Gryllus bimaculatus). Journal of Zoology, 268(4), 341–346. doi:10.1111/j.1469-7998.2006.00054.x ; Simmons, L. W. (1988). Male size, mating potential and lifetime reproductive success in the field cricket, Gryllus bimaculatus (De Geer). Animal Behaviour, 36(2), 372–379. doi:10.1016/s0003-3472(88)80008-3; Rantala, M. J., & Roff, D. A. (2005). An analysis of trade?offs in immune function, body size and development time in the Mediterranean Field Cricket, Gryllus bimaculatus. Functional Ecology, 19(2), 323-330.",non-systematic,"longest surviving adult female is 11 weeks from eclosion (Figure 1, Bateman); oldest recorded male 39 days from eclosion (Figure 2, Simmons); highest development time is 82 days for males, 81 for females (Figure 1, Rantala)",NA,NA,NA,NA
CD525,Texas field cricket,Gryllus texensis,insect,lab,female,92.976,"Tawes, B. R., & Kelly, C. D. (2016). Sex-specific catch-up growth in the Texas field cricket,Gryllus texensis. Biological Journal of the Linnean Society. doi:10.1111/bij.12871 ",non-systematic,taken as high end of total lifespan estimate (female specific estimate),NA,NA,NA,NA
CD411,harlequin ladybird,Harmonia axyridis,insect,lab,unknown,1095,https://animaldiversity.org/accounts/Harmonia_axyridis/,systematic,taken as 'high' range estimate; wild-specific lifespan,NA,NA,NA,NA
CD571,Hogna helluo,Hogna helluo,arachnid,lab,unknown,NA,NA,NA,NA,NA,NA,NA,NA
CD280,marbled cellar spider,Holocnemus pluchei,arachnid,lab,unknown,1095,"Skow, C. D., & Jakob, E. M. (2003). Effects of maternal body size on clutch size and egg weight in a pholcid spider (Holocnemus pluchei). The Journal of Arachnology, 31(2), 305-309.; https://www.livescience.com/40069-daddy-longlegs.html",non-systematic,"""Because H. pluchei shifts webs frequently and it is difficult to follow marked individuals for extended periods, lifespan and total number of clutches in the field is unknown. In the laboratory, spiders often live for over a year, and we have occasionally observed individuals to lay multiple clutches (Jakob pers. obs.)."" (Skow 2003) ""Male daddy longlegs typically live for about one year and die after mating. Females can live for three years."" (livescience.com); taken this 3 years as a conservative estimate of maximum longevity supported by information in Skow 2003.",fifth instar,fifth instar is pre-adult moult,juvenile,"Jakob, E. M., & Dingle, H. (1990). Food level and life history characteristics in a pholcid spider (Holocnemus pluchei). Psyche: A Journal of Entomology, 97(1-2), 95-110."
CD046,killer mite,Hypoaspis aculeifer,arachnid,lab,female,160.9,"Lobbes, P., & Schotten, C. (2009). Capacities of increase of the soil mite Hypoaspis aculeifer Canestrini (Mesostigmata: Laelapidae). Zeitschrift Für Angewandte Entomologie, 90(1-5), 9–22. doi:10.1111/j.1439-0418.1980.tb03497.x ",non-systematic,"Table 2, longest development time (40.9 +- 2.9), minus egg development time 9.9 days. Longest recorded adult female 127 days ",NA,NA,NA,NA
CD031,Iberian rock lizard,Iberolacerta cyreni,reptile,wild,male,NA,NA,NA,NA,NA,NA,NA,NA
CD273,Carpetan rock lizard,Iberolacerta cyreni,reptile,wild,male,NA,NA,NA,NA,NA,NA,NA,NA
CD164,eastern forktail,Ischnura verticalis,insect,wild,unknown,NA,NA,NA,NA,NA,NA,NA,NA
CD003,European green lizard,Lacerta viridis,reptile,wild,male,3650,AnAge (https://genomics.senescence.info/species/),systematic,non-sex specific estimate,NA,NA,NA,NA
CD014,western black widow,Latrodectus hesperus,arachnid,wild,female,547.5,https://animaldiversity.org/accounts/Latrodectus_hesperus/,systematic,female-specific estimate,NA,NA,NA,NA
CD159,western black widow,Latrodectus hesperus,arachnid,wild,female,547.5,https://animaldiversity.org/accounts/Latrodectus_hesperus/,systematic,female-specific estimate,NA,NA,NA,NA
CD392,broad-bodied chaser,Libellula depressa,insect,lab (wild caught eggs),male,730,"Cayrou, J., & Céréghino, R. (2005). Life-cycle phenology of some aquatic insects: implications for pond conservation. Aquatic Conservation: Marine and Freshwater Ecosystems, 15(6), 559–571. doi:10.1002/aqc.739 ",non-systematic,"""Libellula depressa was clearly univoltine in ponds 2 and 3. However, Di Giovanni et al. (2000) noted that Libellula depressa had a 2-yr life-cycle, although some more rapidly growing individuals were able to emerge after 1 yr""",NA,NA,NA,NA
CD392,broad-bodied chaser,Libellula depressa,insect,lab (wild caught eggs),female,730,"Cayrou, J., & Céréghino, R. (2005). Life-cycle phenology of some aquatic insects: implications for pond conservation. Aquatic Conservation: Marine and Freshwater Ecosystems, 15(6), 559–571. doi:10.1002/aqc.739 ",non-systematic,"""Libellula depressa was clearly univoltine in ponds 2 and 3. However, Di Giovanni et al. (2000) noted that Libellula depressa had a 2-yr life-cycle, although some more rapidly growing individuals were able to emerge after 1 yr""",NA,NA,NA,NA
CD591,broad-bodied chaser,Libellula depressa,insect,lab,unknown,730,"Cayrou, J., & Céréghino, R. (2005). Life-cycle phenology of some aquatic insects: implications for pond conservation. Aquatic Conservation: Marine and Freshwater Ecosystems, 15(6), 559–571. doi:10.1002/aqc.739 ",non-systematic,"""Libellula depressa was clearly univoltine in ponds 2 and 3. However, Di Giovanni et al. (2000) noted that Libellula depressa had a 2-yr life-cycle, although some more rapidly growing individuals were able to emerge after 1 yr""",NA,NA,NA,NA
CD113,wood frog,Lithobates sylvaticus,amphibian,lab (wild caught eggs),unknown,1733.75,AnAge (https://genomics.senescence.info/species/); https://animaldiversity.org/accounts/Lithobates_sylvaticus/,systematic,"as sex is unknown, an average of the highest male (4 yr) and female (5 yr) estimates taken from ADW; estiamte is mean of AnAge and ADW estimate",NA,NA,NA,NA
CD120,wood frog,Lithobates sylvaticus,amphibian,lab (wild caught eggs),unknown,1733.75,AnAge (https://genomics.senescence.info/species/); https://animaldiversity.org/accounts/Lithobates_sylvaticus/,systematic,"as sex is unknown, an average of the highest male (4 yr) and female (5 yr) estimates taken from ADW; estiamte is mean of AnAge and ADW estimate",NA,NA,NA,NA
CD006,brown tree frog,Litoria ewingii,amphibian,wild,unknown,NA,https://amphibiaweb.org/species/1247,NA,"""Metamorphosis takes 6-7 months.""",NA,NA,NA,NA
CD568,South American recluse spider,Loxosceles laeta,arachnid,lab,mixed,2186,"Lowrie, D. C. (1987). Effects of diet on the development of Loxosceles laeta (Nicolet)(Araneae, Loxoscelidae). Journal of Arachnology, 303-308.",non-systematic,"Table 1 and Table 2, high range of total days of life. Male and female estimated averaged",NA,NA,NA,NA
CD568,brown recluse spider,Loxosceles reclusa,arachnid,lab,mixed,1326,"Sandidge, J. S. (2005). Studies of distribution, population ecology, and genetics ofbrown recluse spiders, Loxosceles reclusa (Araneae: Sicariidae), in urban habitats. University of Kansas.",non-systematic,Average of highest male (897) and female (1755) recorded lifespans,NA,NA,NA,NA
CD618,common earthworm,Lumbricus terrestris,clitellate,commercial,unknown,742,"Daniel, O. (1990). Life cycle and population dynamics of the earthworm Lumbricus terrestris L (Doctoral dissertation, ETH Zurich).",non-systematic,The longevity of the adult stage of L. terrestris as reported by MICHON (1954) was about 100 weeks at 9 °C and 106 weeks at 18 °C.,appear to be approximately 1-3.5 grams based on supps,insufficient information to determine if all individual animals are sexually mature,unknown/mixed,"Daniel, O. (1990). Life cycle and population dynamics of the earthworm Lumbricus terrestris L (Doctoral dissertation, ETH Zurich).; https://www.cabi.org/isc/datasheet/109385#7216612D-B846-4A2C-9380-CDF4327DA591"
CD469,sooty copper,Lycaena tityrus,insect,lab,mixed,127.55,"Karl, I., & Fischer, K. (2009). Altitudinal and environmental variation in lifespan in the Copper butterfly Lycaena tityrus. Functional Ecology, 23(6), 1132-1138.; Fischer, K., & Fiedler, K. (2000). Sex-related differences in reaction norms in the butterfly Lycaena tityrus (Lepidoptera: Lycaenidae). Oikos, 90(2), 372–380. doi:10.1034/j.1600-0706.2000.900218.x ",non-systematic,"Figure 1, longest male adult survival 42 days, female 51 days (Karl); Table 2, highest estimate of larval and pupal development time for female (81.5 +- 1.3 days), male (75.9 +- 3.4) (Fischer)",NA,NA,NA,NA
CD469,sooty copper,Lycaena tityrus,insect,lab,female,133.8,"Karl, I., & Fischer, K. (2009). Altitudinal and environmental variation in lifespan in the Copper butterfly Lycaena tityrus. Functional Ecology, 23(6), 1132-1138.",non-systematic,"Figure 1, longest male adult survival 42 days, female 51 days (Karl); Table 2, highest estimate of larval and pupal development time for female (81.5 +- 1.3 days), male (75.9 +- 3.4) (Fischer)",NA,NA,NA,NA
CD469,sooty copper,Lycaena tityrus,insect,lab,male,121.3,"Karl, I., & Fischer, K. (2009). Altitudinal and environmental variation in lifespan in the Copper butterfly Lycaena tityrus. Functional Ecology, 23(6), 1132-1138.",non-systematic,"Figure 1, longest male adult survival 42 days, female 51 days (Karl); Table 2, highest estimate of larval and pupal development time for female (81.5 +- 1.3 days), male (75.9 +- 3.4) (Fischer)",NA,NA,NA,NA
CD298,great pond snail,Lymnaea stagnalis,gastropod,commercial,unknown,2555,"Boag, D. A., & Pearlstone, P. S. M. (1979). On the life cycle of Lymnaea stagnalis (Pulmonata: Gastropoda) in southwestern Alberta. Canadian Journal of Zoology, 57(2), 353-362.",non-systematic,"""Maximum recorded length was 59mm in this population, a snail estimated to be entering its seventh summer""",no information (fit in petri dish so quite small),insufficient information to determine if all individual animals are sexually mature,unknown/mixed,NA
CD484,smallmouth bass,Micropterus dolomieu,ray-finned fish,wild,unknown,9490,AnAge (https://genomics.senescence.info/species/); Fishbase (https://www.fishbase.se/); https://animaldiversity.org/accounts/Micropterus_dolomieu/,systematic,wild-specific longevity estimate,NA,NA,NA,NA
CD573,brown-headed cowbird,Molothrus ater,bird,wild,male,6168.5,AnAge (https://genomics.senescence.info/species/); https://animaldiversity.org/accounts/Molothrus_ater/,systematic,non-sex specific estimate; wild-specific estimate,"mass approx 45 - 47 g, appear to be adults as ditinguished by sex",mass range is 38 to 50 g for adults,adult,https://animaldiversity.org/accounts/Molothrus_ater/
CD573,brown-headed cowbird,Molothrus ater,bird,wild,female,6168.5,AnAge (https://genomics.senescence.info/species/); https://animaldiversity.org/accounts/Molothrus_ater/,systematic,non-sex specific estimate; wild-specific estimate,"mass approx 45 - 47 g, appear to be adults as ditinguished by sex",mass range is 38 to 50 g for adults,adult,https://animaldiversity.org/accounts/Molothrus_ater/
CD573,brown-headed cowbird,Molothrus ater,bird,wild,mixed,6168.5,AnAge (https://genomics.senescence.info/species/); https://animaldiversity.org/accounts/Molothrus_ater/,systematic,non-sex specific estimate; wild-specific estimate,"mass approx 45 - 47 g, appear to be adults as ditinguished by sex",mass range is 38 to 50 g for adults,adult,https://animaldiversity.org/accounts/Molothrus_ater/
CD405,Neoseiulus baraki,Neoseiulus baraki,arachnid,wild,female,31.9,"Domingos, C. A., Melo, J. W. D. S., Gondim, M. G., De Moraes, G. J., Hanna, R., Lawson-Balagbo, L. M., & Schausberger, P. (2010). Diet-dependent life history, feeding preference and thermal requirements of the predatory mite Neoseiulus baraki (Acari: Phytoseiidae). Experimental and Applied Acarology, 50(3), 201-215.",non-systematic,longest immature + adult longevity (Table 1),"distinguishable by sex, so potentially adult","developmental stages is very shortlived, so indentifiable females assumed to be at adult stage",adult,"Domingos, C. A., Melo, J. W. D. S., Gondim, M. G., De Moraes, G. J., Hanna, R., Lawson-Balagbo, L. M., & Schausberger, P. (2010). Diet-dependent life history, feeding preference and thermal requirements of the predatory mite Neoseiulus baraki (Acari: Phytoseiidae). Experimental and Applied Acarology, 50(3), 201-215."
CD148,Nephelopsis obscura,Nephelopsis obscura,clitellate,wild,unknown,760.4166667,"Peterson, D. L. (1983). Life cycle and reproduction of Nephelopsis obscura Verrill (Hirudinea: Erpobdellidae) in permanent ponds of northwestern Minnestoa. Freshwater Invertebrate Biology, 2(4), 165-172.",non-systematic,based on highest lifespan estimate quoted in Peterson 1983 (25 months),"The leeches were divided into three size classes: small (20-25mg, x= 122 8mg) and large (450-550mg, x= 5090 mg)",Clitellum development required an approximate minimum weight of 1.20 g and mature leeches died shortly after depositing cocoons on aquatic vegetation at midsummer.,juvenile (for all size classes),"Peterson, D. L. (1983). Life cycle and reproduction of Nephelopsis obscura Verrill (Hirudinea: Erpobdellidae) in permanent ponds of northwestern Minnestoa. Freshwater Invertebrate Biology, 2(4), 165-172."
CD042,tiger snake,Notechis scutatus,reptile,lab,mixed,5146.5,AnAge (https://genomics.senescence.info/species/),systematic,given as the same as the male estimate,NA,NA,NA,NA
CD042,tiger snake,Notechis scutatus,reptile,lab,female,5146.5,AnAge (https://genomics.senescence.info/species/),systematic,given as the same as the male estimate,NA,NA,NA,NA
CD042,tiger snake,Notechis scutatus,reptile,lab,male,5146.5,https://www.demogr.mpg.de/longevityrecords/,systematic,male specific estimate,NA,NA,NA,NA
CD524,dogwhelk,Nucella lapillus,gastropod,wild,unknown,2190,"Feare, C. J. (1970). Aspects of the ecology of an exposed shore population of dogwhelks Nucella lapillus (L.). Oecologia, 5(1), 1–18. doi:10.1007/bf00345973",non-systematic,"""a longevity of 5--6 years. Two doghwelks, out of 150 adults marked in September 1965, were recovered in April 1968, when they were in their sixth
year at least, and some individuals may survive longer than this""",NA,NA,NA,NA
CD301,red sea star,Odontaster validus,echinoderm,wild,unknown,36500,https://animaldiversity.org/accounts/Odontaster_validus/,systematic,NA,small size class (1-3 cm); medium size class (3-4) cm; large (5-5.5cm),first spawn a 20 - 30 mm arm length,unknown/mixed (small size group); adult (medium and large group),"Pearse, J. S. (1965). Reproductive periodicities in several contrasting populations of Odontaster validus Koehler, a common Antarctic asteroid. Biology of the Antarctic seas II, 5, 39-85."
CD470,coho salmon,Oncorhynchus kisutch,ray-finned fish,commercial,unknown,1825,AnAge (https://genomics.senescence.info/species/),systematic,NA,NA,NA,NA,NA
CD265,rainbow trout,Oncorhynchus mykiss,ray-finned fish,commercial,mixed,4015,AnAge (https://genomics.senescence.info/species/); https://animaldiversity.org/accounts/Oncorhynchus_mykiss/#lifespan_longevity,systematic,wild-specific lifespan,"Initial weight (g) 155·4(SE 7·5), 140·0(SE 9·1); Initial length (cm) 24·0(SE 0·50), 23·4(SE 0·48))",estimated age is approximately 12-14 months based on reported weight and length; classed as juvenile,juvenile,"Davidson, J. W., Kenney, P. B., Manor, M., Good, C. M., Weber, G. M., Aussanasuwannakul, A., ... & Summerfelt, S. T. (2014). Growth performance, fillet quality, and reproductive maturity of Rainbow Trout (Oncorhynchus mykiss) cultured to 5 kilograms within freshwater recirculating systems. Journal of Aquaculture Research & Development, 5(4), 1."
CD550,rainbow trout,Oncorhynchus mykiss,ray-finned fish,lab,unknown,4015,AnAge (https://genomics.senescence.info/species/); https://animaldiversity.org/accounts/Oncorhynchus_mykiss/#lifespan_longevity,systematic,wild-specific lifespan,"Experimental fish (n=75, 93.48±3.94 g)",estimated age is <12 months based on reported weight; classed as juvenile,juvenile,"Davidson, J. W., Kenney, P. B., Manor, M., Good, C. M., Weber, G. M., Aussanasuwannakul, A., ... & Summerfelt, S. T. (2014). Growth performance, fillet quality, and reproductive maturity of Rainbow Trout (Oncorhynchus mykiss) cultured to 5 kilograms within freshwater recirculating systems. Journal of Aquaculture Research & Development, 5(4), 1."
CD144,coho salmon,Oncorhyndtus kisutch,ray-finned fish,commercial,unknown,1825,AnAge (https://genomics.senescence.info/species/),systematic,NA,NA,NA,NA,NA
CD267,insidious flower bug,Orius majusculus,insect,lab,unknown,53.55,"Bah?i, ?. Ü., & Tunç, ?. (2012). The response of a southern strain of Orius majusculus (Reuter) (Hemiptera: Anthocoridae) to photoperiod and light intensity: Biological effects and diapause induction. Biological Control, 63(2), 157–163. doi:10.1016/j.biocontrol.2012.06.007 ",non-systematic,"longest development time recorded (16.3 ± 0.1 female, 16.2 ± 0.2 male); longest adult longevity (45.0 ± 1.7F, 24.7 ± 2.9M); average of male and female estimates recorded",NA,NA,NA,NA
CD417,minute pirate bug,Orius sauteri,insect,lab,female,68.8,"Paik, C. H., Lee, G. H., Kim, D. H., Choi, M. Y., Na, S. Y., Kim, S. S., & Hwang, C. Y. (2003). Development, Reproduction and Longevity of Predator Orius sauteri Poppius (Hemiptera: Antocoridae) when Reared on Three Different Preys. Korean Journal of Applied Entomology.",non-systematic,"""Nymphal development of female/male O. sauteri fed with F. occidentals, A. gossypii and T. uricae took 12.2/12.8, 13.0/13.2, and 17.9/17.8 days at 27¡É, respectively. Survival rates during nymphal development were 96.4, 78.4,78.3%, longevity of female/male adults were 55.9/51.0, 30.2/30.8, and 25.8/25.1 days,and daily oviposition were 5.6, 4.1, and 1.9 eggs, respectively."" Max longevity taken as treatment group with longest development time + adult longevity",NA,NA,NA,NA
CD330,common hermit crab,Pagurus bernhardus,malacostracan,wild,mixed,1460,https://animaldiversity.org/accounts/Pagurus_bernhardus/,systematic,wild-specific estimate; high range estimate,"X±SE: 1 day: 0.20 ± 0.01 g, range 0.13-0.29 g; 2 days: 0.20 ± 0.01 g, range 0.09-0.34 g; 4 days: 0.21 ± 0.02 g, range 0.12e-0.34 g).","sexual maturity at 1 year, crabs used in this experiment were at extreme low end of mass range (Range mass 0.13 to 54 g), so assumed to be immature",juvenile,https://animaldiversity.org/accounts/Pagurus_bernhardus/
CD174,grass prawn; common prawn,Palaemon elegans; Palaemon serratus (only 5 of 320 were serratus),malacostracan,wild,unknown,547.5,"Bilgin, S., Ozen, O., & Samsun, O. (2009). Sexual seasonal growth variation and reproduction biology of the rock pool prawn, Palaemon elegans (Decapoda: Palaemonidae) in the southern Black Sea. Scientia Marina, 73(2), 239-247.",non-systematic,"""Maximum life span was estimated as 15 months for males and 21 months for females."" Average taken as sex unknown",We kept the heaviest 160 and lightest 160 individuals for use in experiments (mean mass ± S.E. of large prawns: 1.308 ± 0.049g; small prawns: 0.168 ± 0.006g),"""Greater average total lengths were recorded in VD and VL, the average for both areas being 40 ±5 mm (n=181); the maximum body length in VL was 52 mm. The same tendency was found for wet mass, with the lowest average values in PB (392 ±247 mg; n=264), and the highest (and significantly different) ones in VL (av. 574 ±205 mg; n=82). PB males also displayed the greatest variability in body length (from 19 to 41 mm) and the smallest average length (29 ±4 mm; n=211). Body mass was lowest in PB males (187 ±86 mg; n=211) and highest in VL males (av. 247 ±58 mg; n=90)."" Reviewed range length range for onset of maturity is 13 - 60 mm (male) 28 - 65 mm (female); Even given the variability of maturity onset, the large size group appears to be comfortably past maturation, and small group appears to be below the size range on maturity onset maturity; ",juvenile (small size class); adult (large size class),"Janas, U., & Ma?kucka, A. (2010). Body size and reproductive traits of Palaemon elegans Rathke, 1837 (Crustacea, Decapoda), a recent colonizer of the Baltic Sea. Oceanological and Hydrobiological Studies, 39(2), 3-24."
CD571,shore spider,Pardosa milvina,arachnid,wild,female,312.4575342,"Sitvarin, M. I., Breen, K., & Rypstra, A. L. (2015). Predator cues have contrasting effects on lifespan ofPardosa milvina(Araneae: Lycosidae). Journal of Arachnology, 43(1), 107–110. doi:10.1636/j14-48.1 ",non-systematic,"age of spiders at exposure approx 84.8 days (2 weeks + 70.8 days), 3 day exposure, then high end estimate of post-exposure longevity taken from Figure 1 (224.657534246575 days)",NA,NA,NA,NA
CD338,Eurasian tree sparrow,Passer montanus,bird,wild,unknown,4781.5,AnAge (https://genomics.senescence.info/species/),systematic,NA,NA,NA,NA,NA
CD213,common water frog,Pelophylax kl. esculentus,amphibian,wild,mixed,3650,"?avlovi?, K., Buj, I., Karaica, D., Jeli?, D., & Choleva, L. (2018). Composition and age structure of the Pelophylax esculentus complex (Anura; Ranidae) population in inland Croatia. Salamandra, 54(1), 11-20.",non-systematic,maximum recorded age within the population is 10 years,NA,NA,NA,NA
CD030,pool frog,Pelophylax lessonae,amphibian,lab,unknown,2190,AnAge (https://genomics.senescence.info/species/),systematic,NA,NA,NA,NA,NA
CD085,European perch,Perca fluviatilis,ray-finned fish,wild,unknown,8030,AnAge (https://genomics.senescence.info/species/); Fishbase (https://www.fishbase.se/),systematic,wild-specific longevity estimate,NA,NA,NA,NA
CD399,mustard leaf beetle,Phaedon cochleariae,insect,lab,female,183.5,"Müller, T., Lamprecht, T. D., & Schrieber, K. (2018). Lifetime inbreeding depression in a leaf beetle. Ecology and evolution, 8(14), 6889-6898.; De Paiva, M. R. S. (1977). Biology and population of the mustard beetle Phaedon cochlearia Fabricius.",non-systematic,"Figure 2A, 33 days is highest recorded development time to adult (Muller 2018); Middle of highest recorded adult longevity in (De Paiva 1977) in Fig 3 (146-155 day range). Adult longevity is female specific, but no male specific estimate could be found",NA,NA,NA,NA
CD399,mustard leaf beetle,Phaedon cochleariae,insect,lab,male,183.5,"Müller, T., Lamprecht, T. D., & Schrieber, K. (2018). Lifetime inbreeding depression in a leaf beetle. Ecology and evolution, 8(14), 6889-6898.; De Paiva, M. R. S. (1977). Biology and population of the mustard beetle Phaedon cochlearia Fabricius.",non-systematic,"Figure 2A, 33 days is highest recorded development time to adult (Muller 2018); Middle of highest recorded adult longevity in (De Paiva 1977) in Fig 3 (146-155 day range). Adult longevity is female specific, but no male specific estimate could be found",NA,NA,NA,NA
CD554,mustard leaf beetle,Phaedon cochleariae,insect,lab,female,183.5,"Müller, T., Lamprecht, T. D., & Schrieber, K. (2018). Lifetime inbreeding depression in a leaf beetle. Ecology and evolution, 8(14), 6889-6898.; De Paiva, M. R. S. (1977). Biology and population of the mustard beetle Phaedon cochlearia Fabricius.",non-systematic,"Figure 2A, 33 days is highest recorded development time to adult (Muller 2018); Middle of highest recorded adult longevity in (De Paiva 1977) in Fig 3 (146-155 day range). Adult longevity is female specific, but no male specific estimate could be found",NA,NA,NA,NA
CD554,mustard leaf beetle,Phaedon cochleariae,insect,lab,male,183.5,"Müller, T., Lamprecht, T. D., & Schrieber, K. (2018). Lifetime inbreeding depression in a leaf beetle. Ecology and evolution, 8(14), 6889-6898.; De Paiva, M. R. S. (1977). Biology and population of the mustard beetle Phaedon cochlearia Fabricius.",non-systematic,"Figure 2A, 33 days is highest recorded development time to adult (Muller 2018); Middle of highest recorded adult longevity in (De Paiva 1977) in Fig 3 (146-155 day range). Adult longevity is female specific, but no male specific estimate could be found",NA,NA,NA,NA
CD045,minnow,Phoxinus phoxinus,ray-finned fish,wild,unknown,4015,Fishbase (https://www.fishbase.se/),systematic,wild-specific longevity estimate,uninfected test fish=51·9 ± 2·2 mm,"""In most cases, however, size at maturity deviates little from 50 mm. In the river Utsjoki in Finnish Lapland, maturity was strongly size-dependent and delayed until the fish reached 5, 6 or even 7 years of age, with a maximum age of 13 years at a length of only 75 mm (Mills, 1988). In Norway, sexual maturity in minnows has been recorded at between 2 and 15 years. In the alpine lake Øvre Heimdalsvatn, minnows of age 4 and 5 years made up about 67% of the spawning stock (Museth et al., 2002). All mature individuals were larger than 50 mm in length, and only a few specimens were smaller than 55 mm.""",unknown/mixed,https://www.cabi.org/isc/datasheet/69626
CD333,tadpole physa,Physa gyrina,gastropod,wild,unknown,395.4166667,"DeWitt, R. M. (1955). The ecology and life history of the pond snail Physa gyrina. Ecology, 36(1), 40-44.",non-systematic," ""The life span of indi viduals in the field is from twelve to thirteen months""; wild estimate",NA,NA,NA,NA
CD592,tadpole physa,Physa gyrina,gastropod,wild,unknown,395.4166667,"DeWitt, R. M. (1955). The ecology and life history of the pond snail Physa gyrina. Ecology, 36(1), 40-44.",non-systematic," ""The life span of indi viduals in the field is from twelve to thirteen months""; wild estimate","no information, but snails are free-feeding and potentially adult (look up if sexual maturity develops early in this species)",insufficient information to determine if all individual animals are sexually mature,unknown/mixed,NA
CD160,Phytoseiulus persimilis,Phytoseiulus persimilis,arachnid,lab,female,107.89,"Amano, H., & Chant, D. A. (1977). Life history and reproduction of two species of predacious mites, Phytoseiulus persimilis Athias-Henriot and Amblyseius andersoni (Chant) (Acarina: Phytoseiidae). Canadian Journal of Zoology, 55(12), 1978–1983. doi:10.1139/z77-255 ",non-systematic,"longest recorded devlopment time (excl egg development time, larvae 0.94 proto 1.34 deuto 1.53 Table 1), and high end of highest female adult longevity estimate (87.15 +- 16.93, Table 4)",NA,NA,NA,NA
CD603,Phytoseiulus persimilis,Phytoseiulus persimilis,arachnid,lab,female,107.89,"Amano, H., & Chant, D. A. (1977). Life history and reproduction of two species of predacious mites, Phytoseiulus persimilis Athias-Henriot and Amblyseius andersoni (Chant) (Acarina: Phytoseiidae). Canadian Journal of Zoology, 55(12), 1978–1983. doi:10.1139/z77-255 ",non-systematic,"longest recorded devlopment time (excl egg development time, larvae 0.94 proto 1.34 deuto 1.53 Table 1), and high end of highest female adult longevity estimate (87.15 +- 16.93, Table 4)",NA,NA,NA,NA
CD369,red-backed salamander,Plethodon cinereus,amphibian,wild,mixed,9125,AnAge (https://genomics.senescence.info/species/); https://animaldiversity.org/accounts/Plethodon_cinereus/,systematic,captive-specific estimate,NA,NA,NA,NA
CD004,guppy,Poecilia reticulata,ray-finned fish,lab,mixed,1825,AnAge (https://genomics.senescence.info/species/),systematic,NA,NA,NA,NA,NA
CD349,whitetail damselfish,Pomacentrus chrysurus,ray-finned fish,wild,unknown,NA,NA,NA,NA,NA,NA,NA,NA
CD645,Ward's damsel,Pomacentrus wardi,ray-finned fish,wild,unknown,2920,https://animaldiversity.org/accounts/Pomacentridae/#1fae78653073ac0a006d1192e04788da,systematic,"estimate based on the genus (maximum form 6-8 year range), no species specific",NA,NA,NA,NA
CD490,Louisiana crawfish,Procambarus clarkii,malacostracan,commercial,male,3186.45,"Jin, S., Jacquin, L., Xiong, M., Li, R., Lek, S., Li, W., & Zhang, T. (2019). Reproductive pattern and population dynamics of commercial red swamp crayfish (Procambarus clarkii) from China: implications for sustainable aquaculture management. PeerJ, 7, e6214.",non-systematic,highest Tmax estimate from reviewed studies in Table 1; sex specific estimate,NA,NA,NA,NA
CD490,Louisiana crawfish,Procambarus clarkii,malacostracan,commercial,mixed,3226.6,"Jin, S., Jacquin, L., Xiong, M., Li, R., Lek, S., Li, W., & Zhang, T. (2019). Reproductive pattern and population dynamics of commercial red swamp crayfish (Procambarus clarkii) from China: implications for sustainable aquaculture management. PeerJ, 7, e6214.",non-systematic,average of sex-specific estimates,NA,NA,NA,NA
CD490,Louisiana crawfish,Procambarus clarkii,malacostracan,commercial,female,3266.75,"Jin, S., Jacquin, L., Xiong, M., Li, R., Lek, S., Li, W., & Zhang, T. (2019). Reproductive pattern and population dynamics of commercial red swamp crayfish (Procambarus clarkii) from China: implications for sustainable aquaculture management. PeerJ, 7, e6214.",non-systematic,highest Tmax estimate from reviewed studies in Table 1; sex specific estimate,NA,NA,NA,NA
CD230,Prolasius advenus,Prolasius advenus,insect,wild,female,NA,NA,NA,NA,worker ants,workers ants considered be a caste of adult despite being non-reproductive,adult,"Holbrook, T. (2009, December 17). Individual Life Cycle of Ants. ASU - Ask A Biologist. Retrieved October 8, 2019 from https://askabiologist.asu.edu/individual-life-cycle"
CD258,nine-spined stickleback,Pungitius pungitius,ray-finned fish,wild,mixed,1825,AnAge (https://genomics.senescence.info/species/),systematic,NA,NA,NA,NA,NA
CD258,nine-spined stickleback,Pungitius pungitius,ray-finned fish,wild,female,1825,AnAge (https://genomics.senescence.info/species/),systematic,NA,NA,NA,NA,NA
CD258,nine-spined stickleback,Pungitius pungitius,ray-finned fish,wild,male,1825,AnAge (https://genomics.senescence.info/species/),systematic,NA,NA,NA,NA,NA
CD196,green frog,Rana clamitans,amphibian,lab (wild caught eggs),mixed,3650,AnAge (https://genomics.senescence.info/species/),systematic,NA,NA,NA,NA,NA
CD241,edible frog,Rana esculenta,amphibian,lab,unknown,4380,AnAge (https://genomics.senescence.info/species/),systematic,wild-specific longevity estimate,NA,NA,NA,NA
CD241,pool frog,Rana lessonae,amphibian,lab,unknown,2190,AnAge (https://genomics.senescence.info/species/),systematic,wild-specific longevity estimate; for synonym Pelophylax lessonae,NA,NA,NA,NA
CD450,African striped mouse,Rhabdomys dilectus chakae,mammal,lab,mixed,NA,NA,NA,02719 Rhabdomys pumilio Four-striped grass mouse 4.5 02719,NA,NA,NA,NA
CD450,African striped mouse,Rhabdomys dilectus chakae,mammal,lab,female,NA,NA,NA,02719 Rhabdomys pumilio Four-striped grass mouse 4.5 02719,NA,NA,NA,NA
CD450,African striped mouse,Rhabdomys dilectus chakae,mammal,lab,male,NA,NA,NA,02719 Rhabdomys pumilio Four-striped grass mouse 4.5 02719,NA,NA,NA,NA
CD220,cane toad,Rhinella marina,amphibian,wild,unknown,3650,AnAge (https://genomics.senescence.info/species/); https://animaldiversity.org/accounts/Rhinella_marina/#lifespan_longevity,systematic,AnAge (24.8yrs) and ADW (10yr) estimates found; ADW is wild-specific estimate so was used,NA,NA,NA,NA
CD300,Rhithropanopeus harrisii tridentatus,Rhithropanopeus harrisii tridentatus,malacostracan,wild,mixed,1825,"Turoboyski, K. (1973). Biology and ecology of the crab Rhithropanopeus harrisii ssp. tridentatus. Marine Biology, 23(4), 303-313.",non-systematic,"""The largest male caught in the Dead Vistula was 26.1 mm (carapace width)and the largest female 19.0 mm. Knowing the rate of body growth, and considering the occurrence of non-moult periods, these individuals are assumed to have been 5 years old.""","mean carapace width of 17.15 mm (SD = 2.69) ; mean weight of 2186.01 mg; intermoult, non-breeding individuals","""In Chesapeake Bay, Ryan (1956) reports a range of carapace width (cw) between 4.1 and 14.6 mm for adult males (n=527) and 4.4 to 12.6 mm for adult females (n=391). Williams (1984) reports a maximum carapace width of 21.3 mm for males and 16.0 mm for females. In comparison, European populations of R. harrisii appear to attain larger body sizes: Turoboyski (1973) reported a range of cw between 4.4 and 26.1 mm for males (n=637) and 4.4 to 19.0 mm for females (n=555) in the Dead Vistula, Poland. Body measurements of populations studied in other parts of Europe are generally in agreement with this data (Turoboyski, 1973)."" ",adult,https://www.cabi.org/isc/datasheet/66045
CD081,Rhodnius prolixus,Rhodnius prolixus,insect,lab,female,259,"Sulbaran, J. E., & Chaves, L. F. (2006). Spatial complexity and the fitness of the kissing bug, Rhodnius prolixus. Journal of applied entomology, 130(1), 51-55.; Tamayo, L. D., Guhl, F., Vallejo, G. A., & Ramírez, J. D. (2018). The effect of temperature increase on the development of Rhodnius prolixus and the course of Trypanosoma cruzi metacyclogenesis. PLoS neglected tropical diseases, 12(8), e0006735.",non-systematic,male (59 days) and female (57 days) adult longevity from longest living individuals in Fig 2a (Salbaran & Chaves 2006); development time taken from raw data  https://doi.org/10.1371/journal.pntd.0006735.g002 from Tamayo (2018) as highest recorded development time (88 days) plus time to turn into adult (114 days),NA,NA,NA,NA
CD081,Rhodnius prolixus,Rhodnius prolixus,insect,lab,mixed,260,"Sulbaran, J. E., & Chaves, L. F. (2006). Spatial complexity and the fitness of the kissing bug, Rhodnius prolixus. Journal of applied entomology, 130(1), 51-55.; Tamayo, L. D., Guhl, F., Vallejo, G. A., & Ramírez, J. D. (2018). The effect of temperature increase on the development of Rhodnius prolixus and the course of Trypanosoma cruzi metacyclogenesis. PLoS neglected tropical diseases, 12(8), e0006735.",non-systematic,male (59 days) and female (57 days) adult longevity from longest living individuals in Fig 2a (Salbaran & Chaves 2006); development time taken from raw data  https://doi.org/10.1371/journal.pntd.0006735.g002 from Tamayo (2018) as highest recorded development time (88 days) plus time to turn into adult (114 days),NA,NA,NA,NA
CD081,Rhodnius prolixus,Rhodnius prolixus,insect,lab,male,261,"Sulbaran, J. E., & Chaves, L. F. (2006). Spatial complexity and the fitness of the kissing bug, Rhodnius prolixus. Journal of applied entomology, 130(1), 51-55.; Tamayo, L. D., Guhl, F., Vallejo, G. A., & Ramírez, J. D. (2018). The effect of temperature increase on the development of Rhodnius prolixus and the course of Trypanosoma cruzi metacyclogenesis. PLoS neglected tropical diseases, 12(8), e0006735.",non-systematic,male (59 days) and female (57 days) adult longevity from longest living individuals in Fig 2a (Salbaran & Chaves 2006); development time taken from raw data  https://doi.org/10.1371/journal.pntd.0006735.g002 from Tamayo (2018) as highest recorded development time (88 days) plus time to turn into adult (114 days),NA,NA,NA,NA
CD092,roach,Rutilus rutilus,ray-finned fish,wild,unknown,5110,AnAge (https://genomics.senescence.info/species/),systematic,NA,122 - 197cm (standard length range),estimated to reach maturity from 14 cm total length,unknown/mixed,https://www.fishbase.se/summary/Rutilus-rutilus.html
CD276,roach,Rutilus rutilus,ray-finned fish,lab,unknown,5110,AnAge (https://genomics.senescence.info/species/),systematic,NA,NA,NA,NA,NA
CD317,fire salamander,Salamandra salamandra,amphibian,lab,unknown,8760,AnAge (https://genomics.senescence.info/species/); https://animaldiversity.org/accounts/Salamandra_salamandra/,systematic,captivity-specific estimate,NA,NA,NA,NA
CD320,fire salamander,Salamandra salamandra,amphibian,lab,unknown,8760,AnAge (https://genomics.senescence.info/species/); https://animaldiversity.org/accounts/Salamandra_salamandra/,systematic,captivity-specific estimate,NA,NA,NA,NA
CD011,brown trout,Salmo trutta,ray-finned fish,wild,unknown,13870,AnAge (https://genomics.senescence.info/species/); Fishbase (https://www.fishbase.se/); https://animaldiversity.org/accounts/Salmo_trutta/,systematic,wild-specific longevity estimate,NA,NA,NA,NA
CD013,brown trout,Salmo trutta,ray-finned fish,wild,unknown,13870,AnAge (https://genomics.senescence.info/species/); Fishbase (https://www.fishbase.se/); https://animaldiversity.org/accounts/Salmo_trutta/,systematic,wild-specific longevity estimate,NA,NA,NA,NA
CD420,brown trout,Salmo trutta,ray-finned fish,wild,unknown,13870,AnAge (https://genomics.senescence.info/species/); Fishbase (https://www.fishbase.se/); https://animaldiversity.org/accounts/Salmo_trutta/,systematic,wild-specific longevity estimate,NA,NA,NA,NA
CD161,calcareous tubeworm,Serpula vermicularis,polychaete,wild,unknown,1825,"Hill, J.M. 2006. Serpula vermicularis A tubeworm. In Tyler-Walters H. and Hiscock K. (eds) Marine Life Information Network: Biology and Sensitivity Key Information Reviews, [on-line]. Plymouth: Marine Biological Association of the United Kingdom. [cited 08-10-2019]. Available from: https://www.marlin.ac.uk/species/detail/1546",non-systematic,"""Life span 2-5 years""","These worms live in calcareous tubes of their own construction, cemented to rocks in lower intertidal and subtidal habitats, virtually throughout the world. Individuals dt at the mouths of their tubes, filtering small particles from the seawater with a bilobed fan, which is susceptible to being nipped by small fishes and perhaps crabs (maybe can identify the life stage from this)",""" The species is fairly widespread, probably reaches sexual maturity in its first year and reproduces every year thereafter. The planktonic larvae, which is thought to stay in the water column for one to eight weeks, may be able to disperse widely."" Consider that settled larvae in calcareous tubes reproduce in first year, so consider this the mature adult life stage.",adult,"Hill, J.M. 2006. Serpula vermicularis A tubeworm. In Tyler-Walters H. and Hiscock K. (eds) Marine Life Information Network: Biology and Sensitivity Key Information Reviews, [on-line]. Plymouth: Marine Biological Association of the United Kingdom. [cited 08-10-2019]. Available from: https://www.marlin.ac.uk/species/detail/1546"
CD170,American redstart,Setophaga ruticilla,bird,wild,male,3650,https://animaldiversity.org/accounts/Setophaga_ruticilla,systematic,wild-specific estimate; high range estimate,NA,NA,NA,NA
CD365,English grain aphid,Sitobion avenae,insect,lab,unknown,36.72,"Aqueel, M. A., & Leather, S. R. (2011). Effect of nitrogen fertilizer on the growth and survival of Rhopalosiphum padi (L.) and Sitobion avenae (F.) (Homoptera: Aphididae) on different wheat cultivars. Crop Protection, 30(2), 216–221. doi:10.1016/j.cropro.2010.09.013 ",non-systematic,"""Life span of S. avenae was shortest (34.4 days, SE ¼ 0.27) on cv Deben at the lowest fertilizer treatment and longest (36.3 days, SE ¼ 0.42) on cv Solstice""",NA,NA,NA,NA
CD459,African mantis,Sphodromantis lineola,insect,lab,male,129,"Prete, F. R. (1999). Rearing techniques, developmental time, and life span data for lab-reared Sphodromantis lineola. The Praying Mantids, 303-310.",non-systematic,"for males, in lab, mean 72 day developmental time; 57 day longevity for adult",NA,NA,NA,NA
CD543,qingbo,Spinibarbus sinensis,ray-finned fish,commercial,unknown,NA,NA,NA,NA,NA,NA,NA,NA
CD069,desert spider,Stegodyphus lineatus,arachnid,lab,unknown,461,"Schneider, J. M., & Lubin, Y. (1997). Does high adult mortality explain semelparity in the spider Stegodyphus lineatus (Eresidae)?. Oikos, 92-100.",non-systematic,"""Later during development the young feed directly on the body of the mother and she is completely emptied on average 14 d after hatching."" ""These spiders have an annual life cycle: reproduction starts in April with the mating season and the adult females die by mid to late summer""; Maximum longevity taken from start summer (approx june 20), to end of summer the following year approx (Sept 22). ",NA,NA,NA,NA
CD290,walleye,Stizostedion vitreum,ray-finned fish,lab,unknown,10037.5,Fishbase (https://www.fishbase.se/); https://animaldiversity.org/accounts/Sander_vitreus/,systematic,for synonym Sander vitreus; taken as mean of fishbase (29yr) and ADW (26 yr max estimates,NA,NA,NA,NA
CD033,European starling,Sturnus vulgaris,bird,wild,male,6916.75,AnAge (https://genomics.senescence.info/species/); https://animaldiversity.org/accounts/Sturnus_vulgaris,systematic,taken as mean of AnAge (22.9yr) and ADW (15yr) estimates; non-sex specific estimate,NA,NA,NA,NA
CD033,European starling,Sturnus vulgaris,bird,wild,female,6916.75,AnAge (https://genomics.senescence.info/species/); https://animaldiversity.org/accounts/Sturnus_vulgaris,systematic,taken as mean of AnAge (22.9yr) and ADW (15yr) estimates; non-sex specific estimate,NA,NA,NA,NA
CD190,European starling,Sturnus vulgaris,bird,wild,mixed,6916.75,AnAge (https://genomics.senescence.info/species/); https://animaldiversity.org/accounts/Sturnus_vulgaris,systematic,taken as mean of AnAge (22.9yr) and ADW (15yr) estimates; non-sex specific estimate,NA,NA,NA,NA
CD124,meerkat,Suricata suricatta,mammal,wild,unknown,6497,AnAge (https://genomics.senescence.info/species/); https://animaldiversity.org/accounts/Suricata_suricatta/#lifespan_longevity,systematic,mean of AnAge (20.6yr) and ADW (15yr) estimates; Wild-specific estimates,NA,NA,NA,NA
CD015,zebra finch,Taeniopygia guttata,bird,lab,female,4380,AnAge (https://genomics.senescence.info/species/),systematic,"non-sex specific estimate; matches ADW highest ""average lifespan"" estimate in captivity of 12 years",NA,NA,NA,NA
CD315,zebra finch,Taeniopygia guttata,bird,lab,female,4380,AnAge (https://genomics.senescence.info/species/),systematic,"non-sex specific estimate; matches ADW highest ""average lifespan"" estimate in captivity of 12 years",NA,NA,NA,NA
CD316,zebra finch,Taeniopygia guttata,bird,lab,female,4380,AnAge (https://genomics.senescence.info/species/),systematic,"non-sex specific estimate; matches ADW highest ""average lifespan"" estimate in captivity of 12 years",NA,NA,NA,NA
CD316,zebra finch,Taeniopygia guttata,bird,lab,male,4380,AnAge (https://genomics.senescence.info/species/),systematic,"non-sex specific estimate; matches ADW highest ""average lifespan"" estimate in captivity of 12 years",NA,NA,NA,NA
CD316,zebra finch,Taeniopygia guttata,bird,lab,mixed,4380,AnAge (https://genomics.senescence.info/species/),systematic,"non-sex specific estimate; matches ADW highest ""average lifespan"" estimate in captivity of 12 years",NA,NA,NA,NA
CD318,zebra finch,Taeniopygia guttata,bird,lab,female,4380,AnAge (https://genomics.senescence.info/species/),systematic,"non-sex specific estimate; matches ADW highest ""average lifespan"" estimate in captivity of 12 years",NA,NA,NA,NA
CD318,zebra finch,Taeniopygia guttata,bird,lab,male,4380,AnAge (https://genomics.senescence.info/species/),systematic,"non-sex specific estimate; matches ADW highest ""average lifespan"" estimate in captivity of 12 years",NA,NA,NA,NA
CD318,zebra finch,Taeniopygia guttata,bird,lab,unknown,4380,AnAge (https://genomics.senescence.info/species/),systematic,"non-sex specific estimate; matches ADW highest ""average lifespan"" estimate in captivity of 12 years",NA,NA,NA,NA
CD319,zebra finch,Taeniopygia guttata,bird,lab,male,4380,AnAge (https://genomics.senescence.info/species/),systematic,"non-sex specific estimate; matches ADW highest ""average lifespan"" estimate in captivity of 12 years",NA,NA,NA,NA
CD321,zebra finch,Taeniopygia guttata,bird,lab,female,4380,AnAge (https://genomics.senescence.info/species/),systematic,"non-sex specific estimate; matches ADW highest ""average lifespan"" estimate in captivity of 12 years",NA,NA,NA,NA
CD321,zebra finch,Taeniopygia guttata,bird,lab,male,4380,AnAge (https://genomics.senescence.info/species/),systematic,"non-sex specific estimate; matches ADW highest ""average lifespan"" estimate in captivity of 12 years",NA,NA,NA,NA
CD322,zebra finch,Taeniopygia guttata,bird,lab,female,4380,AnAge (https://genomics.senescence.info/species/),systematic,"non-sex specific estimate; matches ADW highest ""average lifespan"" estimate in captivity of 12 years",NA,NA,NA,NA
CD322,zebra finch,Taeniopygia guttata,bird,lab,male,4380,AnAge (https://genomics.senescence.info/species/),systematic,"non-sex specific estimate; matches ADW highest ""average lifespan"" estimate in captivity of 12 years",NA,NA,NA,NA
CD322,zebra finch,Taeniopygia guttata,bird,lab,mixed,4380,AnAge (https://genomics.senescence.info/species/),systematic,"non-sex specific estimate; matches ADW highest ""average lifespan"" estimate in captivity of 12 years",NA,NA,NA,NA
CD634,zebra finch,Taeniopygia guttata,bird,lab,female,4380,AnAge (https://genomics.senescence.info/species/),systematic,"non-sex specific estimate; matches ADW highest ""average lifespan"" estimate in captivity of 12 years",NA,NA,NA,NA
CD634,zebra finch,Taeniopygia guttata,bird,lab,male,4380,AnAge (https://genomics.senescence.info/species/),systematic,"non-sex specific estimate; matches ADW highest ""average lifespan"" estimate in captivity of 12 years",NA,NA,NA,NA
CD233,bluehead wrasse,Thalassoma bifasciatum,ray-finned fish,wild,unknown,1095,AnAge (https://genomics.senescence.info/species/); Fishbase (https://www.fishbase.se/),systematic,wild-specific longevity estimate,NA,NA,NA,NA
CD515,walleye pollock,Theragra chalcogramma,ray-finned fish,wild,unknown,10767.5,AnAge (https://genomics.senescence.info/species/); https://animaldiversity.org/accounts/Theragra_chalcogramma,systematic,mean of AnAge (28) and ADW (31yr) estimates; Wild specific estimate,NA,NA,NA,NA
CD516,walleye pollock,Theragra chalcogramma,ray-finned fish,wild,unknown,10767.5,AnAge (https://genomics.senescence.info/species/); https://animaldiversity.org/accounts/Theragra_chalcogramma,systematic,mean of AnAge (28) and ADW (31yr) estimates; Wild specific estimate,NA,NA,NA,NA
CD357,kissing bug,Triatoma infestans,insect,lab,unknown,365,https://animaldiversity.org/accounts/Triatoma_infestans/,systematic,"taken from upper limit of ""typical lifespan"" estimate",NA,NA,NA,NA
CD010,red flour beetle,Tribolium castaneum,insect,lab,mixed,264.3333333,"Lavie, B. (1981). Longevity in Lines of Tribolium Castaneum Selected for High and for Low Dispersal. Journal of Gerontology, 36(5), 546–549. doi:10.1093/geronj/36.5.546; https://keys.lucidcentral.org/keys/v3/eafrinet/maize_pests/key/maize_pests/Media/Html/Tribolium_castaneum_(Herbst_1797)_-_Red_Flour_Beetle.htm",non-systematic,"""Females lay between 300-400 eggs in their 5-8 month adult lifespan. Under optimum conditions of 35°C and 60-80% relative humidity, the development times for each stage are approximately 3 days for eggs, 16 days for larvae and 5 days for pupae""; calculated by adding 8 month lifespan from eafrinet to pupal and larval time. Maximum longevity from Lavie is approx 7 months, so higher end estimation of 8 month adult lifespan used.",NA,NA,NA,NA
CD010,red flour beetle,Tribolium castaneum,insect,lab,female,264.3333333,"Lavie, B. (1981). Longevity in Lines of Tribolium Castaneum Selected for High and for Low Dispersal. Journal of Gerontology, 36(5), 546–549. doi:10.1093/geronj/36.5.546; https://keys.lucidcentral.org/keys/v3/eafrinet/maize_pests/key/maize_pests/Media/Html/Tribolium_castaneum_(Herbst_1797)_-_Red_Flour_Beetle.htm",non-systematic,"""Females lay between 300-400 eggs in their 5-8 month adult lifespan. Under optimum conditions of 35°C and 60-80% relative humidity, the development times for each stage are approximately 3 days for eggs, 16 days for larvae and 5 days for pupae""; calculated by adding 8 month lifespan from eafrinet to pupal and larval time. Maximum longevity from Lavie is approx 7 months, so higher end estimation of 8 month adult lifespan used.",NA,NA,NA,NA
CD010,red flour beetle,Tribolium castaneum,insect,lab,male,264.3333333,"Lavie, B. (1981). Longevity in Lines of Tribolium Castaneum Selected for High and for Low Dispersal. Journal of Gerontology, 36(5), 546–549. doi:10.1093/geronj/36.5.546; https://keys.lucidcentral.org/keys/v3/eafrinet/maize_pests/key/maize_pests/Media/Html/Tribolium_castaneum_(Herbst_1797)_-_Red_Flour_Beetle.htm",non-systematic,"""Females lay between 300-400 eggs in their 5-8 month adult lifespan. Under optimum conditions of 35°C and 60-80% relative humidity, the development times for each stage are approximately 3 days for eggs, 16 days for larvae and 5 days for pupae""; calculated by adding 8 month lifespan from eafrinet to pupal and larval time. Maximum longevity from Lavie is approx 7 months, so higher end estimation of 8 month adult lifespan used.",NA,NA,NA,NA
CD216,red flour beetle,Tribolium castaneum,insect,lab,mixed,264.3333333,"Lavie, B. (1981). Longevity in Lines of Tribolium Castaneum Selected for High and for Low Dispersal. Journal of Gerontology, 36(5), 546–549. doi:10.1093/geronj/36.5.546; https://keys.lucidcentral.org/keys/v3/eafrinet/maize_pests/key/maize_pests/Media/Html/Tribolium_castaneum_(Herbst_1797)_-_Red_Flour_Beetle.htm",non-systematic,"""Females lay between 300-400 eggs in their 5-8 month adult lifespan. Under optimum conditions of 35°C and 60-80% relative humidity, the development times for each stage are approximately 3 days for eggs, 16 days for larvae and 5 days for pupae""; calculated by adding 8 month lifespan from eafrinet to pupal and larval time. Maximum longevity from Lavie is approx 7 months, so higher end estimation of 8 month adult lifespan used.",NA,NA,NA,NA
CD216,red flour beetle,Tribolium castaneum,insect,lab,female,264.3333333,"Lavie, B. (1981). Longevity in Lines of Tribolium Castaneum Selected for High and for Low Dispersal. Journal of Gerontology, 36(5), 546–549. doi:10.1093/geronj/36.5.546; https://keys.lucidcentral.org/keys/v3/eafrinet/maize_pests/key/maize_pests/Media/Html/Tribolium_castaneum_(Herbst_1797)_-_Red_Flour_Beetle.htm",non-systematic,"""Females lay between 300-400 eggs in their 5-8 month adult lifespan. Under optimum conditions of 35°C and 60-80% relative humidity, the development times for each stage are approximately 3 days for eggs, 16 days for larvae and 5 days for pupae""; calculated by adding 8 month lifespan from eafrinet to pupal and larval time. Maximum longevity from Lavie is approx 7 months, so higher end estimation of 8 month adult lifespan used.",NA,NA,NA,NA
CD216,red flour beetle,Tribolium castaneum,insect,lab,male,264.3333333,"Lavie, B. (1981). Longevity in Lines of Tribolium Castaneum Selected for High and for Low Dispersal. Journal of Gerontology, 36(5), 546–549. doi:10.1093/geronj/36.5.546; https://keys.lucidcentral.org/keys/v3/eafrinet/maize_pests/key/maize_pests/Media/Html/Tribolium_castaneum_(Herbst_1797)_-_Red_Flour_Beetle.htm",non-systematic,"""Females lay between 300-400 eggs in their 5-8 month adult lifespan. Under optimum conditions of 35°C and 60-80% relative humidity, the development times for each stage are approximately 3 days for eggs, 16 days for larvae and 5 days for pupae""; calculated by adding 8 month lifespan from eafrinet to pupal and larval time. Maximum longevity from Lavie is approx 7 months, so higher end estimation of 8 month adult lifespan used.",NA,NA,NA,NA
CD048,Belding's ground squirrel,Urocitellus beldingi,mammal,wild,female,4015,https://www.demogr.mpg.de/longevityrecords/,systematic,NA,NA,NA,NA,NA
CD457,South African clawed frog,Xenopus laevis,amphibian,commercial,mixed,9928,AnAge (https://genomics.senescence.info/species/); https://animaldiversity.org/accounts/Xenopus_laevis,systematic,mean of AnAge (30..3) and ADW (20yr) estimates); captive-specific estimate,NA,NA,NA,NA
CD457,South African clawed frog,Xenopus laevis,amphibian,commercial,female,9928,AnAge (https://genomics.senescence.info/species/); https://animaldiversity.org/accounts/Xenopus_laevis,systematic,mean of AnAge (30..3) and ADW (20yr) estimates); captive-specific estimate,NA,NA,NA,NA
CD457,South African clawed frog,Xenopus laevis,amphibian,commercial,male,9928,AnAge (https://genomics.senescence.info/species/); https://animaldiversity.org/accounts/Xenopus_laevis,systematic,mean of AnAge (30..3) and ADW (20yr) estimates); captive-specific estimate,NA,NA,NA,NA
CD394,mourning dove,Zenaida macroura,bird,wild,unknown,11430.58333,AnAge (https://genomics.senescence.info/species/); https://animaldiversity.org/accounts/Zenaida_macroura,systematic,high estimates from AnAge (30.3 yr) and ADW (376 months),NA,NA,NA,NA
,,,,,,,,,,,,,
,,,,,,,,,,,,,
,,,,,,,,,,,,,
,,,,,,,,,,,,,
,,,,,,,,,,,,,
,,,,,,,,,,,,,
,,,,,,,,,,,,,
,,,,,,,,,,,,,
,,,,,,,,,,,,,
,,,,,,,,,,,,,
,,,,,,,,,,,,,
,,,,,,,,,,,,,
,,,,,,,,,,,,,
,,,,,,,,,,,,,
